zbrarek,,
tżarek,,
plolek,,
sfarek,,
spżolek,,
łąc,,
zjolek,,
tszkarek,,
źąc,,
molek,,
czolek,,
kżarek,,
chszarek,,
mkniąc,,
ptolek,,
nolek,,
fląc,,
gjjarek,,
żłarek,,
jolek,,
szmolek,,
źląc,,
cwarek,,
tjarek,,
schniarek,,
łbolek,,
chjolek,,
tniąc,,
fpolek,,
bżarek,,
wkrąc,,
wtarek,,
skląc,,
fcharek,,
śwolek,,
ssolek,,
mgiolek,,
dąc,,
stsząc,,
bżolek,,
gzarek,,
zwąc,,
źdźblolek,,
mchąc,,
wzrolek,,
pśąc,,
spląc,,
czczarek,,
słolek,,
ptąc,,
wjarek,,
głolek,,
zbarek,,
śparek,,
blolek,,
ktśarek,,
błarek,,
cmolek,,
wkolek,,
zwrąc,,
wbolek,,
mląc,,
dźwarek,,
skłarek,,
zwłarek,,
złarek,,
sszarek,,
ktśąc,,
chcarek,,
zgolek,,
lwolek,,
schnąc,,
kmolek,,
slarek,,
flolek,,
smrąc,,
tfarek,,
śpąc,,
gżbarek,,
gmolek,,
ljąc,,
zwłąc,,
mąc,,
dwąc,,
chfąc,,
kżolek,,
dżdżarek,,
rżąc,,
gźolek,,
tfąc,,
scolek,,
słąc,,
ksarek,,
warek,,
szcząc,,
zglolek,,
wdąc,,
kcąc,,
kśarek,,
giolek,,
wdźarek,,
kśąc,,
skżolek,,
wspąc,,
drwąc,,
fpąc,,
gląc,,
wszolek,,
spolek,,
wscholek,,
sklarek,,
fśarek,,
wźarek,,
bzolek,,
szkąc,,
twarek,,
ksztolek,,
dżarek,,
plarek,,
dżdżolek,,
cmąc,,
ssząc,,
czcąc,,
wgarek,,
chrolek,,
zgjolek,,
fjolek,,
tlolek,,
wscharek,,
pszczarek,,
mżolek,,
dzwarek,,
wzrąc,,
żłąc,,
chlarek,,
tżąc,,
tpolek,,
schrarek,,
sfąc,,
ftarek,,
tsmąc,,
bząc,,
strąc,,
łgąc,,
zzolek,,
bjarek,,
prąc,,
bźąc,,
zdźolek,,
szwąc,,
gdźolek,,
szkłąc,,
żniąc,,
zdąc,,
tnolek,,
płąc,,
wbąc,,
zszarek,,
zwrolek,,
twąc,,
chlolek,,
włąc,,
gdolek,,
schnarek,,
szkłolek,,
cnarek,,
wpłarek,,
czcarek,,
zdrolek,,
zżarek,,
wrolek,,
źrolek,,
wśąc,,
stsąc,,
zmąc,,
tsztolek,,
splolek,,
tsząc,,
śfolek,,
blarek,,
wzwąc,,
brolek,,
drżolek,,
tsztąc,,
szklolek,,
ląc,,
clolek,,
wzwolek,,
dląc,,
kcolek,,
czcząc,,
młolek,,
krwarek,,
zglarek,,
szfolek,,
ksolek,,
zolek,,
tszkolek,,
karek,,
scholek,,
tszkąc,,
wniolek,,
dnarek,,
zżolek,,
wcząc,,
tarek,,
cłarek,,
krtarek,,
ścąc,,
łgarek,,
szlolek,,
mgiąc,,
mlolek,,
mniarek,,
źdźbąc,,
zlarek,,
zmrąc,,
nąc,,
pniąc,,
sąc,,
sztąc,,
żarek,,
dłarek,,
głarek,,
pjarek,,
śmolek,,
pchlarek,,
zbląc,,
zbolek,,
zdjarek,,
tżcarek,,
wstżolek,,
schniąc,,
łźolek,,
mglolek,,
pchłolek,,
schnolek,,
szczwarek,,
szprarek,,
bąc,,
gnolek,,
szmarek,,
ftsarek,,
śmąc,,
brarek,,
tparek,,
łbarek,,
fcholek,,
kjjarek,,
sarek,,
kjjolek,,
zgarek,,
tsfolek,,
fszolek,,
zgjąc,,
wstrąc,,
chmąc,,
gzolek,,
płarek,,
źdźbłolek,,
rżarek,,
gdźąc,,
wjąc,,
fsolek,,
tcholek,,
szkarek,,
stżąc,,
sznąc,,
chwolek,,
tłarek,,
zdolek,,
łzarek,,
mnolek,,
sśolek,,
wniąc,,
mnarek,,
wstrolek,,
pchąc,,
zmrarek,,
żmarek,,
scarek,,
tsmolek,,
cźąc,,
gżbąc,,
ptarek,,
zgżarek,,
cnąc,,
pżolek,,
lgniarek,,
zblolek,,
czkolek,,
wstrarek,,
charek,,
kżąc,,
psząc,,
pstrąc,,
zdrąc,,
ksąc,,
lgnąc,,
frąc,,
rjarek,,
wkrolek,,
wzrarek,,
swąc,,
sśarek,,
schrolek,,
wwarek,,
dniąc,,
tsnarek,,
wśolek,,
cwąc,,
trwąc,,
rwąc,,
zgżąc,,
chjarek,,
szpżarek,,
kcarek,,
dwolek,,
szprąc,,
ftśąc,,
czolek,,
klarek,,
zwolek,,
ścarek,,
żmąc,,
fszarek,,
chjąc,,
strarek,,
kfąc,,
wtąc,,
tśmarek,,
źlolek,,
fjąc,,
śwąc,,
chżąc,,
śwarek,,
tolek,,
źlarek,,
łząc,,
krarek,,
mgląc,,
żwolek,,
mszolek,,
sparek,,
mglarek,,
pjolek,,
szkolek,,
rwolek,,
chżcarek,,
skrąc,,
chłąc,,
skżąc,,
trwolek,,
gjjolek,,
pchłarek,,
wnolek,,
kniąc,,
spżąc,,
ktolek,,
łżąc,,
łźąc,,
klolek,,
tchąc,,
cźolek,,
dbolek,,
gąc,,
wlolek,,
szłąc,,
jmolek,,
flarek,,
kśolek,,
krwolek,,
stżolek,,
kwąc,,
znolek,,
ftolek,,
rjąc,,
chżtąc,,
rtarek,,
szląc,,
drwolek,,
trwarek,,
stszolek,,
gdarek,,
lgniąc,,
zzarek,,
swolek,,
czwarek,,
rtąc,,
wczarek,,
wmolek,,
wolek,,
mjolek,,
schlolek,,
gdźarek,,
lgnolek,,
scharek,,
slolek,,
garek,,
cchąc,,
szczolek,,
mniolek,,
golek,,
zwarek,,
mkniarek,,
bląc,,
gniolek,,
zszolek,,
knarek,,
chłarek,,
zwłolek,,
wdźąc,,
pszolek,,
chfolek,,
szrarek,,
zniąc,,
tżcolek,,
pstrolek,,
chfarek,,
wgolek,,
gwolek,,
brwarek,,
lżolek,,
frarek,,
wźolek,,
kniolek,,
chżczolek,,
splarek,,
djąc,,
szczwolek,,
pcholek,,
smąc,,
fsąc,,
zmrolek,,
lżąc,,
zdźarek,,
szczarek,,
grąc,,
mszarek,,
chszolek,,
giąc,,
zgżolek,,
kolek,,
chżtolek,,
zżąc,,
marek,,
szpolek,,
lwarek,,
tśmąc,,
żąc,,
zniarek,,
wmąc,,
wzgarek,,
wzwarek,,
cząc,,
krąc,,
folek,,
zdjolek,,
cmarek,,
bźarek,,
szpżąc,,
rżolek,,
tmarek,,
dniarek,,
farek,,
mkniolek,,
gniarek,,
łgolek,,
zwrarek,,
szolek,,
wżąc,,
łbąc,,
rjolek,,
gżolek,,
zgląc,,
pchlolek,,
tfolek,,
tłąc,,
czkąc,,
wzgąc,,
schrąc,,
kszarek,,
krtolek,,
gmąc,,
wmarek,,
sklolek,,
dmąc,,
wdarek,,
lolek,,
mżąc,,
płcolek,,
dźąc,,
fsarek,,
szkwąc,,
żnąc,,
tkarek,,
djolek,,
tżmolek,,
lnarek,,
gjjąc,,
fśolek,,
siarek,,
mgłąc,,
gmarek,,
cłąc,,
schlarek,,
wgąc,,
ccholek,,
spżarek,,
wźąc,,
błąc,,
wzgolek,,
śfarek,,
stłąc,,
fąc,,
siolek,,
mrarek,,
żolek,,
srąc,,
szklarek,,
mjarek,,
drąc,,
kjjąc,,
gżbolek,,
niąc,,
skrarek,,
smrarek,,
szcarek,,
prarek,,
rąc,,
zlolek,,
wpąc,,
pjąc,,
zniolek,,
tżmąc,,
gwarek,,
drolek,,
dłąc,,
błolek,,
niarek,,
wlarek,,
giarek,,
ftszolek,,
tkąc,,
mcholek,,
sprąc,,
śrąc,,
zgąc,,
gżmąc,,
stszarek,,
kmąc,,
dzwolek,,
dbąc,,
snarek,,
skarek,,
tnąc,,
ftszarek,,
tłolek,,
dżolek,,
fjarek,,
jmąc,,
wrąc,,
tsfarek,,
sśąc,,
zarek,,
sprolek,,
swarek,,
płolek,,
stsolek,,
pcharek,,
bjolek,,
wskąc,,
wbarek,,
ktśolek,,
chżcolek,,
łzolek,,
zjąc,,
chrarek,,
pśolek,,
chwąc,,
ząc,,
żbarek,,
wsząc,,
szcąc,,
fkarek,,
parek,,
dżdżąc,,
pnolek,,
tlarek,,
ftąc,,
zbąc,,
ccharek,,
mlarek,,
dzwąc,,
żnarek,,
dbarek,,
sprarek,,
dłolek,,
spąc,,
tkolek,,
dwarek,,
dżarek,,
barek,,
grolek,,
pnarek,,
dżolek,,
lwąc,,
pąc,,
rwarek,,
szwarek,,
człolek,,
szkłarek,,
żmolek,,
tnarek,,
młąc,,
stolek,,
pstrarek,,
człąc,,
włolek,,
wstżarek,,
źrarek,,
wtolek,,
bzarek,,
wpłąc,,
narek,,
tszarek,,
cwolek,,
źdźbarek,,
gźąc,,
darek,,
głąc,,
ślolek,,
gnąc,,
człarek,,
łżolek,,
schniolek,,
pniolek,,
szpąc,,
chżarek,,
tpąc,,
cląc,,
zząc,,
wrarek,,
dzbolek,,
stłarek,,
tsnąc,,
wżarek,,
prolek,,
sztolek,,
sząc,,
pżąc,,
skłolek,,
lnąc,,
frolek,,
kwarek,,
pchląc,,
tsztarek,,
skłąc,,
tżcąc,,
chżczarek,,
lśniąc,,
cząc,,
rarek,,
ssarek,,
wląc,,
dolek,,
wnąc,,
żniolek,,
ktarek,,
szfarek,,
tsfąc,,
szpżolek,,
zgniolek,,
skąc,,
fparek,,
szfąc,,
cłolek,,
źrąc,,
łolek,,
szarek,,
msząc,,
jmarek,,
pniarek,,
drgolek,,
mrolek,,
wparek,,
smolek,,
dnąc,,
wczolek,,
znarek,,
tmolek,,
chąc,,
fśąc,,
gnarek,,
sląc,,
tcharek,,
szrolek,,
szłolek,,
stśarek,,
dźolek,,
smarek,,
schąc,,
wstolek,,
gżmolek,,
żwarek,,
sfolek,,
wspolek,,
glarek,,
ślarek,,
bżąc,,
chmolek,,
dźarek,,
tsmarek,,
drgarek,,
ftsąc,,
stwąc,,
szlarek,,
słarek,,
płcarek,,
cąc,,
trąc,,
czwolek,,
ssąc,,
srarek,,
lgniolek,,
śpolek,,
śniarek,,
lgnarek,,
larek,,
drarek,,
wśarek,,
snolek,,
gżmarek,,
szwolek,,
zdarek,,
zgniarek,,
zblarek,,
polek,,
lśniarek,,
wsparek,,
kląc,,
ksząc,,
gżarek,,
ftśolek,,
cholek,,
knolek,,
włarek,,
ktąc,,
wdolek,,
bjąc,,
wskarek,,
źdźblarek,,
strolek,,
wżolek,,
fchąc,,
złąc,,
ljarek,,
pchłąc,,
pląc,,
zgrolek,,
wkrarek,,
krtąc,,
knąc,,
mrąc,,
mjąc,,
chżolek,,
kłarek,,
dnolek,,
zdrarek,,
młarek,,
brwolek,,
śląc,,
zsząc,,
kniarek,,
rdząc,,
mżarek,,
lniolek,,
lżarek,,
stąc,,
stśolek,,
złolek,,
krolek,,
źolek,,
lnolek,,
ftsząc,,
wpolek,,
wnarek,,
skżarek,,
dmolek,,
czcolek,,
lniąc,,
szcolek,,
wstąc,,
mgłolek,,
kfolek,,
zrarek,,
zrąc,,
chląc,,
zmarek,,
mgłarek,,
tsnolek,,
sztarek,,
drgąc,,
jarek,,
chmarek,,
scąc,,
tmąc,,
grarek,,
stsarek,,
wwolek,,
bźolek,,
pnąc,,
żwąc,,
szłarek,,
lniarek,,
mgiarek,,
psarek,,
dlarek,,
tniarek,,
kąc,,
skolek,,
starek,,
wjolek,,
dźwolek,,
dmarek,,
wstarek,,
czarek,,
zgjarek,,
tjolek,,
dźwąc,,
wkarek,,
zdjąc,,
wskolek,,
jąc,,
zrolek,,
wząc,,
tjąc,,
szrąc,,
tżolek,,
zgrąc,,
gźarek,,
kłolek,,
ksztąc,,
dzbąc,,
wstżąc,,
czczolek,,
śniolek,,
żbolek,,
rtolek,,
mknolek,,
wdźolek,,
trolek,,
zgniąc,,
tląc,,
kmarek,,
snąc,,
dzbarek,,
czarek,,
szprolek,,
szkwolek,,
łżarek,,
żnolek,,
srolek,,
czkarek,,
żłolek,,
fsząc,,
stłolek,,
wwąc,,
drżarek,,
brąc,,
chżtarek,,
rdzolek,,
cnolek,,
źdźbłarek,,
gząc,,
kwolek,,
płcąc,,
drżąc,,
ftsolek,,
szkląc,,
skrolek,,
zdźąc,,
smrolek,,
sznarek,,
wkąc,,
gdąc,,
psąc,,
sszolek,,
ftśarek,,
szmąc,,
tąc,,
zbrolek,,
czwąc,,
chrąc,,
ljolek,,
gwąc,,
fkąc,,
śmarek,,
siąc,,
dlolek,,
niolek,,
źdźbłąc,,
chtsolek,,
znąc,,
szkwarek,,
ścolek,,
twolek,,
szparek,,
tszolek,,
wąc,,
chżcząc,,
pżarek,,
sznolek,,
łźarek,,
tśmolek,,
mknąc,,
źdźbląc,,
clarek,,
pśarek,,
trarek,,
wniarek,,
pszarek,,
stżarek,,
brwąc,,
chłolek,,
żniarek,,
drwarek,,
zbrąc,,
żbąc,,
stwolek,,
kszolek,,
gżąc,,
chtsarek,,
schląc,,
chsząc,,
śrarek,,
szczwąc,,
psolek,,
pszcząc,,
dżąc,,
mknarek,,
zgrarek,,
zjarek,,
zląc,,
carek,,
chtsąc,,
wschąc,,
colek,,
stśąc,,
tniolek,,
wpłolek,,
lśniolek,,
kfarek,,
śfąc,,
mniąc,,
stwarek,,
rdzarek,,
rolek,,
chcąc,,
chcolek,,
dniolek,,
cźarek,,
solek,,
śrolek,,
fkolek,,
łarek,,
wzolek,,
wszarek,,
zmolek,,
ksztarek,,
glolek,,
wzarek,,
chżcąc,,
gniąc,,
pszczolek,,
mnąc,,
tżmarek,,
źarek,,
źdźbolek,,
chwarek,,
śniąc,,
bolek,,
djarek,,
dżąc,,
mcharek,,
kłąc,,
krwąc,,
