sprarek,,
chłąc,,
kszarek,,
szczwarek,,
pniąc,,
włarek,,
tłolek,,
cwolek,,
krtąc,,
zlarek,,
strolek,,
fąc,,
charek,,
zdźąc,,
człolek,,
śmarek,,
ccholek,,
czkarek,,
sfąc,,
grolek,,
dłarek,,
rjolek,,
gmolek,,
spżarek,,
cźarek,,
sztąc,,
zjąc,,
źlarek,,
wząc,,
szklarek,,
płcolek,,
zniolek,,
zjolek,,
szłarek,,
rtarek,,
szcarek,,
szczolek,,
fpolek,,
dżdżolek,,
śwąc,,
spżolek,,
ptąc,,
łgarek,,
sprolek,,
dlolek,,
stłarek,,
żniarek,,
skrarek,,
sznolek,,
tnąc,,
tsnarek,,
skrąc,,
błąc,,
skolek,,
gżarek,,
kfarek,,
dwolek,,
dzbarek,,
krtarek,,
fsarek,,
mjarek,,
chżczarek,,
ścolek,,
chtsarek,,
złolek,,
wniąc,,
schąc,,
tszkąc,,
rjąc,,
cłąc,,
cźolek,,
dzbąc,,
chfąc,,
fkąc,,
twolek,,
cmarek,,
sznąc,,
mjolek,,
cwarek,,
łżolek,,
lśniarek,,
fjarek,,
pśąc,,
gżmarek,,
stsząc,,
pjarek,,
tolek,,
bźąc,,
mniąc,,
cnolek,,
tchąc,,
knąc,,
fśąc,,
stśolek,,
zbrarek,,
stżarek,,
plarek,,
chąc,,
swolek,,
wzarek,,
gjjąc,,
żłarek,,
zzarek,,
drgarek,,
fcholek,,
mkniolek,,
slolek,,
sfarek,,
szcąc,,
łąc,,
cząc,,
grąc,,
wlarek,,
zgląc,,
mknolek,,
dźwąc,,
gnarek,,
zblolek,,
wrarek,,
błarek,,
głąc,,
clolek,,
schlolek,,
szwarek,,
ślarek,,
chżolek,,
brolek,,
szkolek,,
gzarek,,
zdąc,,
zbąc,,
karek,,
gząc,,
glolek,,
zżąc,,
cąc,,
lśniolek,,
wcząc,,
rwąc,,
włąc,,
frolek,,
zwrarek,,
mjąc,,
gniarek,,
wstżarek,,
mżąc,,
wniolek,,
tcharek,,
strarek,,
wwolek,,
wpłarek,,
chlarek,,
płarek,,
czczolek,,
ścarek,,
wśarek,,
swąc,,
dnąc,,
rdzarek,,
zdjarek,,
mgiąc,,
gdźarek,,
słarek,,
gwąc,,
cchąc,,
zwarek,,
wszarek,,
zmrarek,,
dżąc,,
chcarek,,
wstrolek,,
tśmolek,,
źolek,,
wwąc,,
wdolek,,
zdrolek,,
żłąc,,
szkłarek,,
wdąc,,
sztolek,,
zdarek,,
srolek,,
wstarek,,
szmąc,,
brwarek,,
kjjarek,,
blolek,,
wgąc,,
pchląc,,
mgląc,,
źdźblolek,,
wzwąc,,
łźąc,,
sląc,,
szfolek,,
szprąc,,
fchąc,,
dlarek,,
źlolek,,
stwąc,,
stłąc,,
rtąc,,
zbarek,,
drżąc,,
kląc,,
zgąc,,
zdjolek,,
źdźbarek,,
kmarek,,
fląc,,
rarek,,
wwarek,,
cłarek,,
czcząc,,
mnąc,,
mlarek,,
wparek,,
mgiarek,,
krąc,,
jmąc,,
chfolek,,
wźolek,,
cląc,,
cnarek,,
tsfolek,,
kniolek,,
pstrolek,,
wzolek,,
sklarek,,
ślolek,,
płąc,,
tfolek,,
szczarek,,
zgniolek,,
bźarek,,
chmolek,,
tsnąc,,
gmąc,,
zgżąc,,
drolek,,
sszarek,,
pśolek,,
mglolek,,
zgrolek,,
pszolek,,
gląc,,
schrolek,,
wnolek,,
czolek,,
drgąc,,
żniąc,,
zniąc,,
zgżarek,,
zwolek,,
pżąc,,
gnąc,,
chjolek,,
dzwarek,,
zgarek,,
szrarek,,
zniarek,,
golek,,
cźąc,,
łząc,,
wzrąc,,
ksarek,,
sśąc,,
wzrarek,,
gźolek,,
słąc,,
gdźąc,,
żnolek,,
gjjolek,,
ktśarek,,
łzolek,,
zząc,,
ktśąc,,
gżąc,,
lwolek,,
żbolek,,
głarek,,
żnarek,,
mrarek,,
zglarek,,
flolek,,
schnarek,,
kcolek,,
pszczolek,,
kwarek,,
wtąc,,
bzarek,,
wkrarek,,
mnolek,,
kśąc,,
mszarek,,
zgniąc,,
tszkarek,,
lniolek,,
lwąc,,
kśolek,,
tmąc,,
klolek,,
lniąc,,
wżarek,,
tjąc,,
szkłolek,,
kwąc,,
dbolek,,
dżąc,,
wdźolek,,
żbąc,,
fjąc,,
szkąc,,
prolek,,
pnolek,,
zżolek,,
tłąc,,
scharek,,
skłąc,,
lnarek,,
skłarek,,
dźwolek,,
tłarek,,
czarek,,
gniolek,,
lgniąc,,
śniolek,,
wzwolek,,
trąc,,
mknarek,,
darek,,
dźolek,,
tkarek,,
szłolek,,
zwrąc,,
zwąc,,
płcarek,,
grarek,,
zgjarek,,
szarek,,
psąc,,
zdrarek,,
ktąc,,
fparek,,
chsząc,,
szpąc,,
szpżarek,,
stśąc,,
człąc,,
dłąc,,
wrolek,,
drgolek,,
dolek,,
chmarek,,
chłarek,,
ksztolek,,
wkarek,,
cmolek,,
łżąc,,
mrolek,,
mchąc,,
wscholek,,
wzgarek,,
cłolek,,
ftsolek,,
pląc,,
dżdżąc,,
złąc,,
smrąc,,
tżcarek,,
dnarek,,
wzwarek,,
sśarek,,
ląc,,
czwąc,,
krwolek,,
źrolek,,
schrąc,,
chcolek,,
wspąc,,
sprąc,,
schniarek,,
wsząc,,
łzarek,,
mniolek,,
warek,,
psząc,,
drąc,,
kłarek,,
schnąc,,
szpżąc,,
skrolek,,
mglarek,,
folek,,
bląc,,
śniąc,,
dmolek,,
ftąc,,
chjąc,,
dźarek,,
krarek,,
szląc,,
lgniolek,,
kłolek,,
zszarek,,
śrolek,,
tżmąc,,
stąc,,
wnąc,,
człarek,,
rżąc,,
wlolek,,
narek,,
pchłąc,,
fsolek,,
tniolek,,
mgłolek,,
skżarek,,
ftśąc,,
skąc,,
znolek,,
skżąc,,
szolek,,
knolek,,
djolek,,
bżarek,,
znarek,,
pchąc,,
chżtarek,,
ksztąc,,
chżcolek,,
marek,,
ftsąc,,
skląc,,
lnolek,,
żwąc,,
chlolek,,
trwolek,,
ftarek,,
schrarek,,
kżarek,,
zląc,,
kmolek,,
pstrarek,,
zjarek,,
łbąc,,
srarek,,
dzbolek,,
dąc,,
chżąc,,
zolek,,
młarek,,
stsarek,,
zrarek,,
zbolek,,
tnolek,,
jolek,,
solek,,
wąc,,
stżąc,,
smrolek,,
źąc,,
smarek,,
wżolek,,
msząc,,
tśmąc,,
czwolek,,
ftsarek,,
pąc,,
mkniarek,,
zdźolek,,
chląc,,
pnąc,,
drarek,,
gwolek,,
psolek,,
garek,,
lżarek,,
brwolek,,
wdarek,,
dniolek,,
szkarek,,
smolek,,
skżolek,,
żnąc,,
ftśarek,,
smrarek,,
sszolek,,
szczwąc,,
mąc,,
pcholek,,
bjarek,,
kniarek,,
lśniąc,,
mlolek,,
pnarek,,
szrąc,,
stsolek,,
pśarek,,
skarek,,
rwolek,,
sząc,,
larek,,
mkniąc,,
stszolek,,
wkolek,,
farek,,
wbolek,,
dzwolek,,
rdzolek,,
pszczarek,,
wskąc,,
zmarek,,
gnolek,,
tśmarek,,
ścąc,,
gzolek,,
zrolek,,
lżąc,,
fszarek,,
chżcarek,,
wpolek,,
lnąc,,
wkąc,,
cnąc,,
wjarek,,
dwarek,,
ktśolek,,
drwolek,,
zbląc,,
szczwolek,,
chtsolek,,
chmąc,,
snarek,,
źdźbolek,,
złarek,,
rtolek,,
mgłąc,,
siarek,,
dżarek,,
drwarek,,
mgłarek,,
mcharek,,
kniąc,,
ksztarek,,
giolek,,
stłolek,,
wbąc,,
lgniarek,,
wschąc,,
ssąc,,
zwłarek,,
tżąc,,
zgżolek,,
gźąc,,
ftszolek,,
mgiolek,,
sztarek,,
czcąc,,
kąc,,
zglolek,,
cwąc,,
jmarek,,
kcarek,,
tsfarek,,
tsfąc,,
polek,,
spąc,,
szkląc,,
zbrolek,,
zrąc,,
dźąc,,
scolek,,
tląc,,
bjolek,,
mniarek,,
cholek,,
łgąc,,
chrolek,,
wrąc,,
chłolek,,
tszolek,,
czkolek,,
zdjąc,,
wśolek,,
szpżolek,,
schniolek,,
kjjąc,,
cmąc,,
chżcząc,,
młąc,,
pchłarek,,
zdrąc,,
clarek,,
rolek,,
fjolek,,
chjarek,,
kżolek,,
rdząc,,
wniarek,,
ftsząc,,
fcharek,,
gmarek,,
tpolek,,
śniarek,,
jmolek,,
kfolek,,
stszarek,,
zgolek,,
wolek,,
wstrąc,,
mżolek,,
gdarek,,
dmarek,,
ksząc,,
niolek,,
ptarek,,
wstżolek,,
fsąc,,
błolek,,
drżarek,,
bząc,,
kwolek,,
sarek,,
chszarek,,
tnarek,,
szmolek,,
zszolek,,
zwłąc,,
rwarek,,
ljolek,,
szkwolek,,
klarek,,
psarek,,
splolek,,
kłąc,,
dżarek,,
chżtolek,,
pszarek,,
źarek,,
brąc,,
płcąc,,
kolek,,
śmolek,,
wstżąc,,
fkolek,,
czkąc,,
wźarek,,
tąc,,
krwarek,,
włolek,,
zlolek,,
szlarek,,
ftśolek,,
sklolek,,
kfąc,,
chżtąc,,
wstąc,,
lniarek,,
wszolek,,
tniarek,,
twarek,,
tsmolek,,
ftszarek,,
dniąc,,
krolek,,
wmarek,,
zmrąc,,
źdźbąc,,
żarek,,
pjąc,,
carek,,
żmarek,,
scąc,,
zmolek,,
zdźarek,,
prarek,,
gżmąc,,
trwarek,,
ssząc,,
wpąc,,
schniąc,,
źląc,,
czwarek,,
lgnolek,,
zwłolek,,
zżarek,,
skłolek,,
gżbolek,,
stwarek,,
wstrarek,,
źdźbłolek,,
sfolek,,
kcąc,,
trarek,,
chwąc,,
dżolek,,
szmarek,,
źdźbłąc,,
szparek,,
płolek,,
lwarek,,
brwąc,,
wźąc,,
swarek,,
zarek,,
wtolek,,
pżarek,,
stsąc,,
ljarek,,
żmolek,,
molek,,
glarek,,
zgjąc,,
śfarek,,
łarek,,
słolek,,
knarek,,
tcholek,,
tżcąc,,
wmąc,,
wjolek,,
zzolek,,
scholek,,
tkąc,,
tlolek,,
tsmarek,,
rżolek,,
dląc,,
tlarek,,
śwolek,,
szłąc,,
nąc,,
jarek,,
zgrarek,,
tmarek,,
wskarek,,
mknąc,,
lgnąc,,
tżmarek,,
tjolek,,
pjolek,,
wscharek,,
pcharek,,
tmolek,,
mżarek,,
pchlarek,,
gdźolek,,
kżąc,,
ftolek,,
szfąc,,
zgniarek,,
czarek,,
dmąc,,
starek,,
pżolek,,
tsztąc,,
gżolek,,
śmąc,,
łźarek,,
pszcząc,,
splarek,,
dzwąc,,
gźarek,,
żbarek,,
wśąc,,
trolek,,
djarek,,
wczarek,,
mnarek,,
chżcąc,,
szcolek,,
frarek,,
cząc,,
wdźarek,,
bźolek,,
łolek,,
mcholek,,
tsnolek,,
stżolek,,
bjąc,,
krwąc,,
fśolek,,
spżąc,,
znąc,,
fśarek,,
zmąc,,
gżbarek,,
chrarek,,
dwąc,,
łżarek,,
chwolek,,
szwolek,,
wgolek,,
tpąc,,
spolek,,
srąc,,
łźolek,,
wmolek,,
ksąc,,
szkwarek,,
tkolek,,
gniąc,,
kśarek,,
ljąc,,
szkłąc,,
colek,,
wdźąc,,
kmąc,,
zblarek,,
stśarek,,
bzolek,,
wkrolek,,
gjjarek,,
zbrąc,,
ccharek,,
tsmąc,,
żniolek,,
schnolek,,
bolek,,
żolek,,
lżolek,,
chżczolek,,
strąc,,
chwarek,,
dżolek,,
schląc,,
snolek,,
smąc,,
kszolek,,
wspolek,,
ktolek,,
frąc,,
tniąc,,
ssarek,,
ssolek,,
lolek,,
młolek,,
dbąc,,
rżarek,,
szprarek,,
gżbąc,,
wpłąc,,
drżolek,,
dbarek,,
tjarek,,
tszkolek,,
ksolek,,
dłolek,,
szpolek,,
mszolek,,
wzgolek,,
chfarek,,
twąc,,
żwolek,,
snąc,,
wpłolek,,
tsząc,,
dźwarek,,
ptolek,,
lgnarek,,
dniarek,,
żąc,,
głolek,,
djąc,,
pchlolek,,
śrąc,,
zwrolek,,
łgolek,,
czcarek,,
szprolek,,
sąc,,
krtolek,,
bąc,,
gąc,,
gżmolek,,
bżolek,,
szlolek,,
szfarek,,
dnolek,,
fkarek,,
wgarek,,
pniolek,,
wzgąc,,
wsparek,,
śfąc,,
sparek,,
gdolek,,
siąc,,
chrąc,,
schlarek,,
czolek,,
wbarek,,
śfolek,,
zmrolek,,
źdźbłarek,,
śpąc,,
czcolek,,
śwarek,,
prąc,,
sznarek,,
wkrąc,,
drwąc,,
giąc,,
kjjolek,,
mrąc,,
wstolek,,
źrarek,,
brarek,,
pchłolek,,
parek,,
tżcolek,,
łbarek,,
spląc,,
chszolek,,
plolek,,
źdźbląc,,
niarek,,
gdąc,,
szwąc,,
wskolek,,
tfąc,,
śpolek,,
siolek,,
giarek,,
sśolek,,
śparek,,
źrąc,,
zgjolek,,
śląc,,
rjarek,,
tżmolek,,
fpąc,,
żłolek,,
zdolek,,
jąc,,
blarek,,
nolek,,
chtsąc,,
tsztarek,,
żwarek,,
flarek,,
stwolek,,
wląc,,
tparek,,
dżdżarek,,
wnarek,,
fsząc,,
chżarek,,
ktarek,,
zsząc,,
rąc,,
śrarek,,
pniarek,,
tżolek,,
żmąc,,
czczarek,,
szkwąc,,
wżąc,,
niąc,,
tżarek,,
tfarek,,
stolek,,
mląc,,
szrolek,,
ząc,,
chcąc,,
scarek,,
wtarek,,
szcząc,,
pstrąc,,
tszarek,,
barek,,
slarek,,
bżąc,,
trwąc,,
fszolek,,
szklolek,,
łbolek,,
wzrolek,,
źdźblarek,,
wjąc,,
wczolek,,
tarek,,
tsztolek,,
gwarek,,
zgrąc,,
