bźąc,0,bziac,
bźarek,0,bziarek,
bźolek,0,bziolek,
chtsąc,0,chcac,
chąc,0,chonc,chacz
chfąc,0,chwac,
chfarek,0,chwarek,
chfolek,0,chwolek,
dńąc,0,dniac,
dńarek,0,dniarek,
dńolek,0,dniolek,
dźąc,0,dziac,
dźarek,0,dziarek,
dźolek,0,dziolek,
gdźąc,0,gdziac,
gdźarek,0,gdziarek,
gdźolek,0,gdziolek,
gńąc,0,gniac,
gńarek,0,gniarek,
gńolek,0,gniolek,
gźąc,0,gziac,
gźolek,0,gziolek,
kńąc,0,kniac,
kńarek,0,kniarek,
kńolek,0,kniolek,
kśąc,0,ksiac,
kśarek,0,ksiarek,
kśolek,0,ksiolek,
ktśolek,0,ktsiolek,
kfąc,0,kwac,
kfarek,0,kwarek,
kfolek,0,kwolek,
lgńąc,0,lgniac,
lgńarek,0,lgniarek,
lgńolek,0,lgniolek,
lńąc,0,lniac,
lńarek,0,lniarek,
lńolek,0,lniolek,
lśńąc,0,lsniac,
lśńarek,0,lsniarek,
lśńolek,0,lsnolek,
łźąc,0,lziac,
łźarek,0,lziarek,
łźolek,0,lziolek,
mkńąc,0,mkniac,
mkńarek,0,mkniarek,
mkńolek,0,mkniolek,
mńąc,0,mniac,
mńarek,0,mniarek,
mńolek,0,mniolek,
ńarek,0,niarek,
ńolek,0,niolek,
pńąc,0,pniac,
pńolek,0,pniolek,
pśarek,0,psiarek,
pśolek,0,psiolek,
schńąc,0,schniac,
schńarek,0,schniarek,
schńolek,0,schnolek,
śąc,0,siac,
śarek,0,siarek,
śarek,0,siarek,
śolek,0,siolek,
śolek,0,siolek,
śńąc,0,sniac,
śńarek,0,sniarek,
śńolek,0,sniolek,
sśąc,0,ssiac,
sśarek,0,ssiarek,
stśąc,0,stsiac,
stśarek,0,stsiarek,
stśolek,0,stsiolek,
śfąc,0,swac,
sfąc,0,swac,
śfarek,0,swarek,
sfarek,0,swarek,
śfolek,0,swolek,
sfolek,0,swolek,
szfąc,0,szwac,
szfarek,0,szwarek,
szfolek,0,szwolek,
tńąc,0,tniac,
tńarek,0,tniarek,
tńolek,0,tniolek,
tszkąc,0,trzkac,
tsfąc,0,tswac,
tsfolek,0,tswolek,
tfąc,0,twac,
tfarek,0,twarek,
tfolek,0,twolek,
fchąc,0,wchac,
fcharek,0,wcharek,
fcholek,0,wcholek,
wdźąc,0,wdziac,
wdźarek,0,wdziarek,
wdźolek,0,wdziolek,
fkąc,0,wkac,
fkarek,0,wkarek,
fkolek,0,wkolek,
wńąc,0,wniac,
wńarek,0,wniarek,
wńolek,0,wnolek,
fpąc,0,wpac,
fparek,0,wparek,
fpolek,0,wpolek,
fśąc,0,wsac,
fsąc,0,wsac,
fsarek,0,wsarek,
wśąc,0,wsiac,
fśarek,0,wsiarek,
wśarek,0,wsiarek,
fśolek,0,wsiolek,
wśolek,0,wsiolek,
fsolek,0,wsolek,
fsząc,0,wszac,
fszarek,0,wszarek,
fszolek,0,wszolek,
ftąc,0,wtac,
ftarek,0,wtarek,
ftolek,0,wtolek,
ftsąc,0,wtsac,
ftśąc,0,wtsiac,
ftśarek,0,wtsiarek,
ftśolek,0,wtsiolek,
ftsolek,0,wtsolek,
ftsząc,0,wtszac,
ftszarek,0,wtszarek,
ftszolek,0,wtszolek,
wźąc,0,wziac,
wźarek,0,wziarek,
wźolek,0,wziolek,
zdźąc,0,zdziac,
zdźarek,0,zdziarek,
zdźolek,0,zdziolek,
zgńąc,0,zgniac,
zgńarek,0,zgniarek,
zgńolek,0,zgniolek,
źąc,0,ziac,
źąc,0,ziac,
źarek,0,ziarek,
źolek,0,ziolek,
źolek,0,ziolek,
zńąc,0,zniac,
żńąc,0,zniac,
żńarek,0,zniarek,
zńarek,0,zniarek,
zńolek,0,zniolek,
żńolek,0,zniolel,
tszkarek,0,,
wwolek,0,,
mgiarek,0,,
ąc,0,,
lżolek,0,,
ąc,0,,
stżolek,0,,
tżmolek,0,,
zzolek,0,,
chżtolek,0,,
ftsarek,0,,
kjjolek,0,,
ktśąc,0,,
chżtarek,0,,
tśmolek,0,,
tsmolek,0,,
szpżarek,0,,
zzarek,0,,
tsnąc,0,,
tsfarek,0,,
tsztarek,0,,
ąc,0,,
tsnolek,0,,
kjjąc,0,,
zwłąc,0,,
chwąc,0,,
jmarek,0,,
ąc,0,,
mląc,0,,
jmolek,0,,
chtsarek,0,,
gjjąc,0,,
ąc,0,,
kjjarek,0,,
wwarek,0,,
wwąc,0,,
szpżolek,0,,
stsarek,0,,
tsmarek,0,,
szpżąc,0,,
gjjolek,0,,
ąc,0,,
ńąc,0,,
gjjarek,0,,
ktśarek,0,,
tsmąc,0,,
tśmarek,0,,
schrarek,0,,
ljąc,0,,
tżmarek,0,,
mąc,,,
żmolek,,,
bjarek,,,
wstąc,,,
scharek,,,
sznarek,,,
słąc,,,
tłolek,,,
drgolek,,,
młolek,,,
ptąc,,,
szkąc,,,
drżolek,,,
smrolek,,,
zdarek,,,
olek,,,
djarek,,,
zbrąc,,,
rąc,,,
gżmąc,,,
wpłarek,,,
gwolek,,,
rolek,,,
brwolek,,,
pśąc,,,
brąc,,,
stszarek,,,
bjolek,,,
pchłąc,,,
źdźblarek,,,
zrąc,,,
zgarek,,,
zjarek,,,
zgjolek,,,
swolek,,,
krwarek,,,
karek,,,
mjarek,,,
szłąc,,,
tmarek,,,
olek,,,
garek,,,
mszolek,,,
pnąc,,,
ktolek,,,
tjąc,,,
smrarek,,,
chłąc,,,
gwąc,,,
flarek,,,
dzbolek,,,
tsztąc,,,
rżarek,,,
sząc,,,
wdarek,,,
skarek,,,
spląc,,,
dwolek,,,
pszolek,,,
szolek,,,
nąc,,,
kszolek,,,
źlolek,,,
płarek,,,
szkwolek,,,
djąc,,,
pńarek,,,
wkrąc,,,
dźwarek,,,
szrąc,,,
zjolek,,,
wmąc,,,
gżbąc,,,
wąc,,,
łbąc,,,
trwolek,,,
lgnolek,,,
tjarek,,,
źrąc,,,
jarek,,,
łąc,,,
dłarek,,,
knarek,,,
łbarek,,,
olek,,,
tcholek,,,
szkłolek,,,
twolek,,,
mnolek,,,
giąc,,,
olek,,,
warek,,,
kolek,,,
wlarek,,,
zdjolek,,,
wzwąc,,,
fląc,,,
mżarek,,,
słolek,,,
płąc,,,
stłąc,,,
wkrolek,,,
gżmarek,,,
frolek,,,
smolek,,,
żolek,,,
psolek,,,
kmąc,,,
brwąc,,,
wjąc,,,
szlarek,,,
fjąc,,,
żmarek,,,
bląc,,,
djolek,,,
ląc,,,
stłarek,,,
swarek,,,
chżolek,,,
głarek,,,
skżąc,,,
stżarek,,,
knolek,,,
gżąc,,,
szkarek,,,
mąc,,,
łbolek,,,
zwłarek,,,
wstżolek,,,
żwolek,,,
zwarek,,,
kwąc,,,
snąc,,,
chżąc,,,
chszarek,,,
mgiolek,,,
szrolek,,,
slarek,,,
rwarek,,,
bzolek,,,
źdźbląc,,,
szmąc,,,
mżąc,,,
zdąc,,,
pjolek,,,
mchąc,,,
gnąc,,,
łząc,,,
lolek,,,
warek,,,
tlolek,,,
wdolek,,,
flolek,,,
tszkolek,,,
szwąc,,,
gzarek,,,
bjąc,,,
spżąc,,,
sztąc,,,
pchląc,,,
wnąc,,,
wbolek,,,
wgąc,,,
drarek,,,
pnarek,,,
rżąc,,,
lwarek,,,
dłąc,,,
wlolek,,,
ssąc,,,
prarek,,,
wzgolek,,,
tolek,,,
gmolek,,,
zmrarek,,,
znąc,,,
drwarek,,,
skłarek,,,
szwarek,,,
bolek,,,
szkląc,,,
kłarek,,,
wpąc,,,
szarek,,,
cholek,,,
warek,,,
zląc,,,
zbąc,,,
wżąc,,,
łgolek,,,
tnolek,,,
pżolek,,,
śmolek,,,
dlolek,,,
smarek,,,
arek,,,
tszarek,,,
źdźbąc,,,
warek,,,
zrolek,,,
chąc,,,
dzbąc,,,
szarek,,,
msząc,,,
wzwarek,,,
chmolek,,,
mrolek,,,
zszolek,,,
golek,,,
wstrąc,,,
dąc,,,
szwąc,,,
wżarek,,,
slolek,,,
klarek,,,
wjolek,,,
srąc,,,
łżarek,,,
szprolek,,,
mnąc,,,
trarek,,,
tarek,,,
krwąc,,,
wolek,,,
śrąc,,,
kwarek,,,
srolek,,,
ślarek,,,
chlarek,,,
schrolek,,,
bżolek,,,
mlarek,,,
gżolek,,,
zgrolek,,,
łgąc,,,
zlarek,,,
zdjarek,,,
zdrąc,,,
ssarek,,,
wskolek,,,
chżarek,,,
wszarek,,,
gmarek,,,
glarek,,,
solek,,,
szkolek,,,
barek,,,
dnarek,,,
tszolek,,,
młarek,,,
blolek,,,
strarek,,,
molek,,,
wzarek,,,
gżbolek,,,
kmarek,,,
psarek,,,
wząc,,,
pląc,,,
źdźbłolek,,,
dźwąc,,,
skżarek,,,
sztarek,,,
mglolek,,,
bąc,,,
zszarek,,,
kżąc,,,
tnąc,,,
złolek,,,
pchłarek,,,
sznolek,,,
gżarek,,,
zwrolek,,,
tkąc,,,
ksąc,,,
wparek,,,
tmolek,,,
ząc,,,
zgżąc,,,
szkłąc,,,
sząc,,,
szląc,,,
mgląc,,,
karek,,,
wsząc,,,
wkąc,,,
wschąc,,,
tżarek,,,
gwarek,,,
śwolek,,,
pżarek,,,
darek,,,
szpąc,,,
wzrarek,,,
rjarek,,,
kąc,,,
spżarek,,,
mlolek,,,
splarek,,,
zgląc,,,
frąc,,,
zgżolek,,,
łąc,,,
mnarek,,,
kłąc,,,
śmąc,,,
lnąc,,,
grarek,,,
prąc,,,
tcharek,,,
chżarek,,,
psząc,,,
łarek,,,
ksztolek,,,
szmolek,,,
zgolek,,,
dwarek,,,
ślolek,,,
mjolek,,,
dłolek,,,
skżolek,,,
stżąc,,,
żwarek,,,
dląc,,,
kolek,,,
śąc,,,
złarek,,,
sprarek,,,
łgarek,,,
włarek,,,
lnolek,,,
sszarek,,,
sąc,,,
płolek,,,
źlarek,,,
trwarek,,,
dźwolek,,,
zrarek,,,
włąc,,,
stolek,,,
stwarek,,,
ksztarek,,,
zbarek,,,
słarek,,,
dzwąc,,,
skrolek,,,
żnarek,,,
chłarek,,,
tkolek,,,
kżolek,,,
wtarek,,,
zjąc,,,
chwarek,,,
bżąc,,,
chsząc,,,
wgolek,,,
zgąc,,,
wolek,,,
łolek,,,
żąc,,,
wgarek,,,
charek,,,
krwolek,,,
rdzolek,,,
rjolek,,,
drolek,,,
stwąc,,,
fjarek,,,
chmąc,,,
wzgarek,,,
grolek,,,
mjąc,,,
gdąc,,,
gżmolek,,,
rjąc,,,
zgjąc,,,
zmrolek,,,
zbląc,,,
blarek,,,
wstżarek,,,
chżarek,,,
dżarek,,,
olek,,,
żarek,,,
szkłarek,,,
ksarek,,,
gżbarek,,,
chwolek,,,
ptarek,,,
wmarek,,,
zwłolek,,,
tsząc,,,
spżolek,,,
nolek,,,
swąc,,,
łzolek,,,
schlarek,,,
zgrarek,,,
lżarek,,,
dmolek,,,
pszarek,,,
płolek,,,
zbrolek,,,
trwąc,,,
wrarek,,,
zwrarek,,,
mglarek,,,
szkwarek,,,
sarek,,,
wolek,,,
mżolek,,,
sprolek,,,
żnolek,,,
folek,,,
marek,,,
tsnarek,,,
wpolek,,,
śrarek,,,
wzrolek,,,
wspolek,,,
chżąc,,,
frarek,,,
zdrarek,,,
żłarek,,,
larek,,,
dżąc,,,
wzwolek,,,
tparek,,,
mgłolek,,,
tżolek,,,
wstrolek,,,
śparek,,,
tpąc,,,
sklarek,,,
chmarek,,,
wbarek,,,
śrolek,,,
śpąc,,,
zarek,,,
jmąc,,,
zsząc,,,
jolek,,,
szlolek,,,
wsparek,,,
łżąc,,,
żmąc,,,
ljolek,,,
krtąc,,,
psząc,,,
ssolek,,,
pjarek,,,
srarek,,,
dżolek,,,
dnolek,,,
wbąc,,,
grąc,,,
szkwąc,,,
wąc,,,
gdolek,,,
pstrolek,,,
narek,,,
szklolek,,,
tżolek,,,
lolek,,,
stsolek,,,
źląc,,,
dlarek,,,
dzbarek,,,
zdrolek,,,
wtolek,,,
wzgąc,,,
ktarek,,,
wdąc,,,
zmolek,,,
spolek,,,
wskąc,,,
źdźbłarek,,,
źarek,,,
zżąc,,,
tłarek,,,
tąc,,,
lgnąc,,,
ksztąc,,,
zglarek,,,
larek,,,
sarek,,,
cholek,,,
sklolek,,,
dwąc,,,
drżarek,,,
chłolek,,,
lwąc,,,
olek,,,
wnolek,,,
zgżarek,,,
pstrąc,,,
rtąc,,,
błąc,,,
wzrąc,,,
płarek,,,
stsząc,,,
ktąc,,,
wąc,,,
źdźbolek,,,
pchąc,,,
pszolek,,,
skrarek,,,
skolek,,,
tnarek,,,
źdźblolek,,,
szarek,,,
twarek,,,
lwolek,,,
cholek,,,
farek,,,
brolek,,,
szpolek,,,
arek,,,
głolek,,,
molek,,,
schnolek,,,
snarek,,,
drgarek,,,
ksząc,,,
kszarek,,,
zbrarek,,,
spąc,,,
wscharek,,,
rwąc,,,
żwąc,,,
skłolek,,,
zdjąc,,,
tsztolek,,,
szprarek,,,
skląc,,,
wąc,,,
ząc,,,
wjarek,,,
giolek,,,
wspąc,,,
błolek,,,
arek,,,
tżąc,,,
gnarek,,,
schlolek,,,
żbolek,,,
nąc,,,
wmolek,,,
chszolek,,,
giarek,,,
łżolek,,,
mszarek,,,
gnolek,,,
dzwolek,,,
mknarek,,,
sząc,,,
śpolek,,,
chrąc,,,
ksolek,,,
schnarek,,,
szwolek,,,
płąc,,,
tląc,,,
mgłąc,,,
krtolek,,,
tpolek,,,
tżmąc,,,
śwarek,,,
arek,,,
tśmąc,,,
arek,,,
szprąc,,,
mrąc,,,
dnąc,,,
prolek,,,
ljarek,,,
chjarek,,,
schnąc,,,
gląc,,,
chtsolek,,,
zżolek,,,
psąc,,,
bząc,,,
złąc,,,
chjąc,,,
smrąc,,,
wnarek,,,
plarek,,,
krolek,,,
gząc,,,
kmolek,,,
mcholek,,,
wstrarek,,,
tżarek,,,
skąc,,,
chżolek,,,
kąc,,,
zwrąc,,,
fjolek,,,
chjolek,,,
chżąc,,,
kżarek,,,
fąc,,,
dbarek,,,
dmarek,,,
tkarek,,,
źdźbłąc,,,
starek,,,
bżarek,,,
wtąc,,,
sszolek,,,
sznąc,,,
śląc,,,
pcharek,,,
łolek,,,
brwarek,,,
gzolek,,,
żłolek,,,
arek,,,
mgiąc,,,
gmąc,,,
szwolek,,,
zgjarek,,,
chrarek,,,
chląc,,,
plolek,,,
tżąc,,,
wląc,,,
szrarek,,,
charek,,,
kolek,,,
tjolek,,,
zmrąc,,,
szolek,,,
pąc,,,
wrąc,,,
szparek,,,
łzarek,,,
smąc,,,
trolek,,,
szwarek,,,
twąc,,,
drgąc,,,
ląc,,,
szklarek,,,
skrąc,,,
gąc,,,
wpłąc,,,
zblolek,,,
zmarek,,,
źdźbarek,,,
pchlolek,,,
dzwarek,,,
zarek,,,
łarek,,,
schąc,,,
drwolek,,,
łąc,,,
glolek,,,
pnolek,,,
wscholek,,,
tmąc,,,
źrarek,,,
lżąc,,,
tłąc,,,
młąc,,,
wżolek,,,
pchlarek,,,
wstżąc,,,
pżąc,,,
rdząc,,,
sąc,,,
wkarek,,,
marek,,,
rżolek,,,
strąc,,,
rarek,,,
scholek,,,
mknolek,,,
szolek,,,
schrąc,,,
dmąc,,,
wstolek,,,
narek,,,
zblarek,,,
parek,,,
solek,,,
zgrąc,,,
karek,,,
zolek,,,
rtarek,,,
tlarek,,,
zlolek,,,
mrarek,,,
zwąc,,,
trąc,,,
lnarek,,,
splolek,,,
żnąc,,,
szłarek,,,
stłolek,,,
brarek,,,
zząc,,,
znarek,,,
schląc,,,
śwąc,,,
chąc,,,
knąc,,,
krtarek,,,
zżarek,,,
ssząc,,,
gźarek,,,
mknąc,,,
zwolek,,,
nolek,,,
wkrarek,,,
wrolek,,,
wzolek,,,
wkolek,,,
wskarek,,,
lgnarek,,,
wpłolek,,,
sprąc,,,
chżtąc,,,
śmarek,,,
stszolek,,,
sztolek,,,
zolek,,,
wszolek,,,
łarek,,,
żbarek,,,
sśolek,,,
drwąc,,,
chżolek,,,
krarek,,,
szmarek,,,
zbolek,,,
pcholek,,,
żłąc,,,
mgłarek,,,
polek,,,
pszarek,,,
pchłolek,,,
pstrarek,,,
chlolek,,,
drąc,,,
stąc,,,
rtolek,,,
łolek,,,
kłolek,,,
dbolek,,,
kwolek,,,
mcharek,,,
rdzarek,,,
stwolek,,,
bzarek,,,
strolek,,,
tchąc,,,
zmąc,,,
błarek,,,
pjąc,,,
znolek,,,
wstarek,,,
źrolek,,,
zdolek,,,
głąc,,,
kląc,,,
szłolek,,,
sparek,,,
dolek,,,
rwolek,,,
dbąc,,,
ptolek,,,
krąc,,,
jąc,,,
sląc,,,
kąc,,,
charek,,,
żbąc,,,
chrolek,,,
włolek,,,
zglolek,,,
skłąc,,,
drżąc,,,
snolek,,,
gdarek,,,
wolek,,,
stsąc,,,
klolek,,,
