czcząc,,
chtsarek,,
zblolek,,
chrolek,,
kśolek,,
mgiarek,,
drąc,,
gdźolek,,
śrąc,,
lżąc,,
płolek,,
zwłolek,,
dzbarek,,
mknolek,,
sklolek,,
wskolek,,
krtolek,,
knarek,,
rjolek,,
czcąc,,
chszolek,,
kjjarek,,
zżolek,,
fśarek,,
ptąc,,
ftsąc,,
dźwarek,,
bżąc,,
kfolek,,
dniarek,,
gżmolek,,
gjjarek,,
znarek,,
źąc,,
łąc,,
cmąc,,
wpłąc,,
wzwarek,,
gwąc,,
ktarek,,
scarek,,
stąc,,
gnąc,,
śniarek,,
bląc,,
zgniolek,,
wstżąc,,
plolek,,
wczarek,,
plarek,,
tżcąc,,
szcząc,,
chmarek,,
tżmarek,,
tsmąc,,
dzwąc,,
tarek,,
ślarek,,
schląc,,
swąc,,
zgrolek,,
cnarek,,
źlolek,,
wszolek,,
sztąc,,
szpolek,,
dląc,,
kcąc,,
dżdżarek,,
wschąc,,
źdźbłąc,,
wgarek,,
ssąc,,
zgarek,,
sztolek,,
śparek,,
zrarek,,
mnarek,,
niolek,,
wkąc,,
gżarek,,
wzgarek,,
szląc,,
zglarek,,
żłąc,,
kjjąc,,
dzbąc,,
fląc,,
szrarek,,
ftąc,,
cźolek,,
stszarek,,
gnolek,,
mszarek,,
stsąc,,
frolek,,
szcąc,,
pniarek,,
kcolek,,
pjolek,,
wząc,,
fpąc,,
spolek,,
stsząc,,
zbrarek,,
drżąc,,
chcarek,,
strąc,,
płcolek,,
złarek,,
stwolek,,
kniąc,,
barek,,
wśąc,,
dniąc,,
wbąc,,
chtsąc,,
gźarek,,
ftśarek,,
dżąc,,
dlolek,,
skolek,,
wzrarek,,
fkolek,,
ssarek,,
kwolek,,
mkniąc,,
tsztąc,,
zząc,,
splarek,,
scholek,,
chjarek,,
golek,,
tkolek,,
kmąc,,
pszolek,,
sśolek,,
zbarek,,
wrarek,,
mgiolek,,
źlarek,,
jmąc,,
fsząc,,
źrąc,,
żbolek,,
tżmąc,,
gląc,,
dłolek,,
zwarek,,
człąc,,
wstrarek,,
pniolek,,
wgolek,,
pąc,,
śląc,,
brwarek,,
gżmąc,,
błąc,,
stsolek,,
zmąc,,
czcarek,,
kśarek,,
wczolek,,
dżdżolek,,
chląc,,
lgnąc,,
tśmolek,,
sprąc,,
djolek,,
łząc,,
larek,,
zgląc,,
tszarek,,
chwolek,,
szfarek,,
wmolek,,
czwarek,,
łgąc,,
dnarek,,
wzolek,,
mglolek,,
szparek,,
dźwąc,,
schnąc,,
zdźarek,,
krwolek,,
prarek,,
źrolek,,
ząc,,
krarek,,
mgłolek,,
płarek,,
zniąc,,
śwolek,,
slarek,,
zmarek,,
wzrąc,,
kwarek,,
wkrolek,,
kniarek,,
tlolek,,
gjjolek,,
tsmolek,,
rdzarek,,
glolek,,
stśarek,,
solek,,
śrolek,,
cząc,,
żłolek,,
kcarek,,
zglolek,,
chmąc,,
dbolek,,
fśąc,,
mżarek,,
ślolek,,
szmolek,,
ksztąc,,
zlolek,,
sznarek,,
srolek,,
tsząc,,
cnąc,,
chłolek,,
sszolek,,
lgniarek,,
żniąc,,
tchąc,,
dłąc,,
czkąc,,
zmrąc,,
tmolek,,
żnarek,,
żbąc,,
łgolek,,
msząc,,
wsząc,,
ktśarek,,
tpąc,,
ftszolek,,
łbarek,,
wżarek,,
fkąc,,
łzarek,,
pchłolek,,
tąc,,
żbarek,,
gąc,,
frąc,,
chżąc,,
schniarek,,
drgarek,,
kżarek,,
szczwolek,,
wskąc,,
źdźblolek,,
wparek,,
źdźbłolek,,
mjąc,,
wśarek,,
źdźblarek,,
lniolek,,
łbolek,,
tsmarek,,
pchląc,,
żniarek,,
zgniąc,,
bząc,,
młarek,,
śfarek,,
pjąc,,
czolek,,
lgnolek,,
mszolek,,
głolek,,
zzolek,,
mkniarek,,
pcholek,,
chcolek,,
krtarek,,
tnolek,,
pśolek,,
śpąc,,
bjarek,,
człarek,,
mgląc,,
pszczarek,,
stolek,,
wkolek,,
źarek,,
tszkarek,,
pszarek,,
wcząc,,
wwąc,,
zgrąc,,
łźarek,,
ftsolek,,
twolek,,
schniąc,,
żłarek,,
lwolek,,
czolek,,
scolek,,
wdąc,,
sprarek,,
rtąc,,
wstżarek,,
warek,,
zwolek,,
drwarek,,
szcarek,,
zsząc,,
tniolek,,
znąc,,
mąc,,
tżcarek,,
drżarek,,
wjarek,,
złolek,,
pśąc,,
chlarek,,
ljarek,,
mlolek,,
gźolek,,
zwłarek,,
chlolek,,
czkarek,,
cnolek,,
szczarek,,
fchąc,,
krwarek,,
żwarek,,
dnolek,,
fjąc,,
twąc,,
mlarek,,
młolek,,
wstrolek,,
lnąc,,
wźolek,,
szcolek,,
narek,,
chcąc,,
gwolek,,
chrarek,,
spąc,,
trwąc,,
knąc,,
zszolek,,
wtąc,,
fparek,,
szrąc,,
dzbolek,,
darek,,
fszarek,,
łgarek,,
ścarek,,
ssolek,,
niąc,,
kwąc,,
stżąc,,
snolek,,
szkłarek,,
kśąc,,
szmarek,,
schrolek,,
łolek,,
siarek,,
pszcząc,,
zmrolek,,
skłarek,,
czwolek,,
wkarek,,
mgłarek,,
niarek,,
mrąc,,
szklarek,,
snąc,,
znolek,,
kmarek,,
żarek,,
szwolek,,
zwąc,,
lniarek,,
prolek,,
wscharek,,
wjąc,,
tszkąc,,
dźwolek,,
schnarek,,
trąc,,
psząc,,
tłolek,,
scąc,,
chfolek,,
chżolek,,
źolek,,
gżąc,,
giąc,,
chżarek,,
lśniolek,,
jmarek,,
stłolek,,
młąc,,
wlolek,,
mżąc,,
grolek,,
mnolek,,
skląc,,
ftsarek,,
grarek,,
bźąc,,
słarek,,
bżolek,,
sznąc,,
zniarek,,
klarek,,
gwarek,,
zdjąc,,
dźąc,,
ktolek,,
gżbolek,,
słolek,,
czwąc,,
strarek,,
brolek,,
tkąc,,
śmąc,,
fpolek,,
zwrarek,,
wstarek,,
tjarek,,
śwąc,,
skarek,,
mcharek,,
drżolek,,
rżarek,,
żmąc,,
zdjarek,,
stsarek,,
wscholek,,
szklolek,,
wdolek,,
wzarek,,
bzolek,,
cląc,,
bjolek,,
śfolek,,
cźąc,,
sfarek,,
sfąc,,
kszarek,,
tmarek,,
mniąc,,
tsfąc,,
włolek,,
pchąc,,
grąc,,
rolek,,
bąc,,
wpolek,,
chrąc,,
dżarek,,
folek,,
zrolek,,
tsztarek,,
wwolek,,
włąc,,
szkarek,,
dwarek,,
pcharek,,
rwolek,,
wżolek,,
drolek,,
cłarek,,
skrarek,,
płcarek,,
tmąc,,
chżczolek,,
zdźolek,,
wnąc,,
zżarek,,
łbąc,,
lwąc,,
źdźbłarek,,
nąc,,
lniąc,,
schlolek,,
smolek,,
jmolek,,
tśmąc,,
ksztarek,,
zjarek,,
żąc,,
tjolek,,
wbarek,,
łźolek,,
słąc,,
krąc,,
wstrąc,,
tsnarek,,
wdźolek,,
glarek,,
schąc,,
zdźąc,,
frarek,,
jarek,,
strolek,,
brwąc,,
wnarek,,
chżtolek,,
dwolek,,
skąc,,
tszolek,,
szolek,,
wspąc,,
wkrarek,,
wszarek,,
zolek,,
cźarek,,
scharek,,
cwolek,,
smarek,,
głąc,,
śmarek,,
tłarek,,
ljolek,,
żmolek,,
zgjarek,,
chjąc,,
swarek,,
gdźąc,,
łźąc,,
zgąc,,
łżolek,,
zszarek,,
tniarek,,
skżarek,,
drgąc,,
wolek,,
żnąc,,
szkwolek,,
pniąc,,
pstrąc,,
sszarek,,
trolek,,
gjjąc,,
dźolek,,
chżcząc,,
tląc,,
djarek,,
wmarek,,
dzwolek,,
zlarek,,
tszkolek,,
zrąc,,
bzarek,,
wspolek,,
zblarek,,
zdrąc,,
wgąc,,
sśąc,,
gżmarek,,
rżolek,,
bźolek,,
tżarek,,
blolek,,
szkolek,,
dłarek,,
szprolek,,
brwolek,,
flolek,,
sznolek,,
sząc,,
ksarek,,
zniolek,,
pstrolek,,
lnarek,,
dwąc,,
psąc,,
płcąc,,
źdźbląc,,
fcholek,,
dbarek,,
wzwąc,,
cwąc,,
mchąc,,
kfarek,,
wląc,,
lgniąc,,
karek,,
wzrolek,,
pżąc,,
wzwolek,,
giolek,,
mglarek,,
śpolek,,
zwłąc,,
fjarek,,
fjolek,,
wzgąc,,
szczolek,,
ksolek,,
zzarek,,
szkwarek,,
wniolek,,
śrarek,,
cąc,,
dlarek,,
tśmarek,,
zdąc,,
schlarek,,
źrarek,,
sśarek,,
czczarek,,
płąc,,
złąc,,
mgłąc,,
ptolek,,
tsztolek,,
mląc,,
ląc,,
drwąc,,
tpolek,,
tfarek,,
mknarek,,
djąc,,
krwąc,,
gząc,,
zgolek,,
sfolek,,
skżolek,,
smrolek,,
gdąc,,
kłolek,,
brąc,,
drgolek,,
stśolek,,
tolek,,
tżmolek,,
ssząc,,
tżąc,,
pchlarek,,
chwąc,,
tcholek,,
zdolek,,
rtarek,,
wwarek,,
chżtąc,,
lgnarek,,
ptarek,,
chżcolek,,
cchąc,,
wzgolek,,
srarek,,
farek,,
sparek,,
szłarek,,
gżbarek,,
czarek,,
lśniąc,,
dżarek,,
mknąc,,
lolek,,
mjarek,,
ktśolek,,
dnąc,,
skrolek,,
prąc,,
siolek,,
łarek,,
cłąc,,
mgiąc,,
wpłolek,,
pnarek,,
tsfarek,,
fszolek,,
szpżarek,,
krtąc,,
psolek,,
kąc,,
śfąc,,
cłolek,,
pżarek,,
skrąc,,
wdźąc,,
tżcolek,,
dżdżąc,,
kłarek,,
skłąc,,
rjąc,,
kżąc,,
gżolek,,
dąc,,
pchlolek,,
starek,,
wpłarek,,
łżarek,,
chżcarek,,
wkrąc,,
pstrarek,,
psarek,,
tparek,,
wbolek,,
zarek,,
wrąc,,
błarek,,
ftolek,,
tfąc,,
blarek,,
knolek,,
snarek,,
carek,,
zgżarek,,
kolek,,
zdrarek,,
szprąc,,
wśolek,,
tnarek,,
smrąc,,
żnolek,,
wniąc,,
brarek,,
chfarek,,
śmolek,,
cmolek,,
spżąc,,
chżcąc,,
sprolek,,
gmolek,,
tsnolek,,
dżolek,,
chszarek,,
szfąc,,
lgniolek,,
szłolek,,
szkwąc,,
szfolek,,
slolek,,
rwarek,,
zbąc,,
chjolek,,
dżolek,,
szwarek,,
schnolek,,
lnolek,,
ftarek,,
wtolek,,
drarek,,
pnąc,,
fcharek,,
skłolek,,
wskarek,,
wlarek,,
chwarek,,
dzwarek,,
kmolek,,
gnarek,,
giarek,,
twarek,,
smąc,,
stżarek,,
lżarek,,
rtolek,,
szarek,,
gmarek,,
molek,,
ktśąc,,
siąc,,
wrolek,,
fsąc,,
chmolek,,
ccholek,,
polek,,
ktąc,,
zżąc,,
pśarek,,
kniolek,,
trwarek,,
gdarek,,
kfąc,,
tcharek,,
zdarek,,
szlarek,,
wźąc,,
fsarek,,
zgjolek,,
ftśolek,,
schniolek,,
gniolek,,
zbolek,,
zbrolek,,
cząc,,
cholek,,
szpżąc,,
dmarek,,
szczwarek,,
chtsolek,,
dżąc,,
zwrąc,,
garek,,
spżolek,,
kszolek,,
drwolek,,
ccharek,,
pnolek,,
wstolek,,
zgżąc,,
sklarek,,
szlolek,,
zgjąc,,
żwolek,,
wnolek,,
dmąc,,
bjąc,,
lśniarek,,
wąc,,
tniąc,,
szpąc,,
rżąc,,
zwrolek,,
mniolek,,
zbląc,,
szwąc,,
dbąc,,
żmarek,,
rąc,,
czczolek,,
tjąc,,
stśąc,,
fkarek,,
wstąc,,
wżąc,,
zląc,,
schrąc,,
clarek,,
tfolek,,
zmrarek,,
rdząc,,
wźarek,,
źdźbarek,,
gźąc,,
pchłąc,,
wsparek,,
clolek,,
jolek,,
dolek,,
sztarek,,
jąc,,
smrarek,,
krolek,,
chsząc,,
wniarek,,
gzarek,,
stszolek,,
ścolek,,
szczwąc,,
dźarek,,
stwąc,,
sarek,,
fśolek,,
śniąc,,
ljąc,,
wtarek,,
ksząc,,
gmąc,,
kłąc,,
wdarek,,
ksztolek,,
rarek,,
lżolek,,
fsolek,,
czarek,,
czkolek,,
mnąc,,
tlarek,,
zmolek,,
trwolek,,
sąc,,
parek,,
cmarek,,
źdźbąc,,
szkąc,,
ścąc,,
zjąc,,
gdźarek,,
sląc,,
kżolek,,
chąc,,
łzolek,,
gniąc,,
rjarek,,
fąc,,
bolek,,
stwarek,,
głarek,,
żniolek,,
bżarek,,
gżbąc,,
tnąc,,
pszczolek,,
dmolek,,
rdzolek,,
tżolek,,
zgrarek,,
kląc,,
źląc,,
wstżolek,,
śwarek,,
chłarek,,
srąc,,
swolek,,
splolek,,
spżarek,,
dniolek,,
zgżolek,,
kjjolek,,
zdrolek,,
rwąc,,
stłarek,,
żolek,,
mrolek,,
wdźarek,,
pjarek,,
chłąc,,
trarek,,
stżolek,,
pżolek,,
pchłarek,,
zdjolek,,
człolek,,
flarek,,
ftsząc,,
gzolek,,
bźarek,,
spląc,,
marek,,
szłąc,,
łżąc,,
włarek,,
ftśąc,,
cwarek,,
szpżolek,,
szkłolek,,
zjolek,,
tłąc,,
szkłąc,,
szprarek,,
wpąc,,
lwarek,,
mjolek,,
szmąc,,
nolek,,
klolek,,
śniolek,,
wmąc,,
mżolek,,
zgniarek,,
tsfolek,,
chżtarek,,
szkląc,,
mniarek,,
ksąc,,
pląc,,
colek,,
tsnąc,,
stłąc,,
gniarek,,
charek,,
wjolek,,
chżczarek,,
ftszarek,,
skżąc,,
mrarek,,
tkarek,,
zbrąc,,
czcolek,,
gdolek,,
błolek,,
schrarek,,
mkniolek,,
mcholek,,
szrolek,,
źdźbolek,,
żwąc,,
chfąc,,
