sznarek,,
tmarek,,
bźarek,,
smolek,,
sląc,,
szkwolek,,
rdząc,,
zgżarek,,
wśarek,,
zolek,,
bząc,,
dniarek,,
dzbarek,,
wpolek,,
płolek,,
brwarek,,
srolek,,
szczwarek,,
lgniolek,,
łżarek,,
pchąc,,
dłolek,,
zdrarek,,
frąc,,
czkolek,,
ssarek,,
łgąc,,
źdźblarek,,
stąc,,
szrarek,,
chjąc,,
łgolek,,
fkarek,,
szfąc,,
ftsarek,,
sząc,,
mżąc,,
dwarek,,
drąc,,
dmarek,,
brarek,,
żbolek,,
szfolek,,
gjjąc,,
blarek,,
wczolek,,
stłarek,,
zgrolek,,
dbąc,,
tniolek,,
tmąc,,
chżcarek,,
chwolek,,
kniąc,,
mnąc,,
pszarek,,
szczolek,,
skolek,,
włolek,,
kłolek,,
gdźarek,,
zsząc,,
łarek,,
dolek,,
tżąc,,
ścolek,,
zżarek,,
pląc,,
fszarek,,
sprarek,,
wdźolek,,
niąc,,
smrąc,,
tnolek,,
pcholek,,
schlolek,,
bzarek,,
molek,,
lwarek,,
ktąc,,
kwolek,,
szkolek,,
bzolek,,
czczarek,,
szarek,,
szpżąc,,
fkąc,,
rwąc,,
czczolek,,
chtsolek,,
sszolek,,
żmolek,,
źdźbąc,,
łbarek,,
kśarek,,
ftąc,,
kfąc,,
knarek,,
kląc,,
mkniarek,,
bląc,,
grąc,,
tnąc,,
łgarek,,
zmrąc,,
pstrolek,,
tłolek,,
mniąc,,
stłolek,,
człąc,,
sśąc,,
kąc,,
mcholek,,
drgąc,,
pszolek,,
tżarek,,
wniarek,,
chżtolek,,
kwąc,,
zjarek,,
smrarek,,
krwąc,,
clarek,,
czwąc,,
źląc,,
ktśolek,,
scolek,,
wzwąc,,
tsząc,,
warek,,
zwłąc,,
bjąc,,
szklolek,,
lżąc,,
tsfąc,,
mżarek,,
lwolek,,
mknąc,,
zwrarek,,
wscharek,,
bźolek,,
splolek,,
zmrarek,,
cząc,,
mszarek,,
trarek,,
dlolek,,
żnąc,,
cźarek,,
wląc,,
tjąc,,
gźolek,,
łbąc,,
szrąc,,
colek,,
giąc,,
fląc,,
chtsarek,,
zwłarek,,
sprąc,,
zzarek,,
dżolek,,
skłąc,,
mkniąc,,
rwolek,,
ksząc,,
kmolek,,
fśolek,,
rtolek,,
tarek,,
mcharek,,
zniolek,,
wśąc,,
mglarek,,
wstżarek,,
śmarek,,
ftszarek,,
zmrolek,,
psząc,,
prąc,,
zląc,,
dzbolek,,
wspąc,,
szparek,,
snarek,,
dbolek,,
zdolek,,
srąc,,
wkarek,,
gżarek,,
zdjolek,,
gmolek,,
śwąc,,
tpolek,,
rdzolek,,
tsmąc,,
ścąc,,
klolek,,
czwolek,,
zgżolek,,
narek,,
słąc,,
glarek,,
twolek,,
pniąc,,
zdjąc,,
flolek,,
pchlarek,,
szkarek,,
gdolek,,
szpżarek,,
smąc,,
fśarek,,
swolek,,
tsnolek,,
zdjarek,,
czkąc,,
dłarek,,
stłąc,,
kniarek,,
tśmąc,,
chrarek,,
drżąc,,
szmolek,,
żwąc,,
cnąc,,
wlolek,,
wrąc,,
tfolek,,
płcąc,,
garek,,
chżolek,,
zlarek,,
fszolek,,
wtarek,,
fsolek,,
lgnąc,,
drgolek,,
spąc,,
żąc,,
gmarek,,
chłarek,,
mgiarek,,
źdźblolek,,
fcholek,,
ksztąc,,
mknarek,,
fsząc,,
zgąc,,
szmarek,,
chżtarek,,
pśarek,,
pchłąc,,
dwolek,,
tżolek,,
trwąc,,
szkłarek,,
dźwarek,,
zwąc,,
łźolek,,
wkrąc,,
pjolek,,
rjarek,,
carek,,
pniolek,,
siolek,,
dnarek,,
szcolek,,
chżąc,,
cholek,,
gnolek,,
młarek,,
stwąc,,
ljarek,,
chfąc,,
giolek,,
tżmarek,,
chrolek,,
smrolek,,
fchąc,,
dżdżarek,,
szprolek,,
wdźarek,,
zżąc,,
kfolek,,
szłolek,,
dniąc,,
cwąc,,
lgnolek,,
srarek,,
człolek,,
tżmąc,,
rolek,,
chląc,,
djolek,,
frarek,,
schlarek,,
clolek,,
krwolek,,
szkąc,,
bjarek,,
szczwolek,,
krąc,,
gżąc,,
ljolek,,
tsnąc,,
drwąc,,
jmolek,,
niolek,,
zgżąc,,
chmarek,,
czolek,,
pcharek,,
złolek,,
pszczolek,,
mgłarek,,
plolek,,
tsztarek,,
skląc,,
mgłolek,,
spżarek,,
mniarek,,
slarek,,
płarek,,
gżbąc,,
tsfarek,,
wskolek,,
stszarek,,
chwąc,,
wgąc,,
solek,,
zjąc,,
czarek,,
ktolek,,
wkolek,,
wsparek,,
włąc,,
lolek,,
zblarek,,
stsarek,,
gźąc,,
farek,,
lniolek,,
młolek,,
kmąc,,
chmolek,,
pnarek,,
gźarek,,
kłarek,,
wmąc,,
śląc,,
włarek,,
sszarek,,
cląc,,
wlarek,,
żnarek,,
chtsąc,,
tcholek,,
błarek,,
rwarek,,
gwarek,,
trwolek,,
trwarek,,
czcząc,,
swąc,,
skarek,,
dżolek,,
zgjąc,,
ftarek,,
zbolek,,
kcolek,,
brwolek,,
mgiolek,,
tniarek,,
kłąc,,
charek,,
chlarek,,
tfarek,,
złąc,,
wkąc,,
stśąc,,
wschąc,,
wolek,,
wparek,,
gjjarek,,
zgrarek,,
wtąc,,
szkląc,,
sznąc,,
szwąc,,
sklolek,,
chlolek,,
pnolek,,
rżarek,,
lżolek,,
ksarek,,
żolek,,
pchłarek,,
wgolek,,
pąc,,
ktśąc,,
snolek,,
łolek,,
stolek,,
kmarek,,
fjąc,,
łźarek,,
brąc,,
polek,,
lnolek,,
szkłąc,,
swarek,,
ftśolek,,
tchąc,,
wjolek,,
zwrolek,,
glolek,,
żniolek,,
drolek,,
ftsąc,,
stszolek,,
mrolek,,
folek,,
źarek,,
wscholek,,
szczarek,,
ktśarek,,
scholek,,
łzarek,,
wwolek,,
sfąc,,
wmarek,,
fpąc,,
wsząc,,
spolek,,
sprolek,,
chfarek,,
wczarek,,
zrarek,,
pchłolek,,
ccholek,,
źdźbolek,,
stsolek,,
śpąc,,
tkolek,,
tżmolek,,
zżolek,,
źdźbłąc,,
tłąc,,
bżarek,,
pstrąc,,
kolek,,
szcarek,,
dzwarek,,
szpżolek,,
zniąc,,
zgjarek,,
tniąc,,
lnąc,,
ślolek,,
starek,,
strąc,,
pchląc,,
gląc,,
fąc,,
ptąc,,
czcolek,,
pżolek,,
dniolek,,
sarek,,
gzarek,,
jolek,,
tżcarek,,
tkąc,,
złarek,,
skłarek,,
trolek,,
dmąc,,
msząc,,
źlolek,,
wpłolek,,
rarek,,
schrolek,,
gwolek,,
nolek,,
szolek,,
chfolek,,
tśmolek,,
cąc,,
szwarek,,
szklarek,,
wżąc,,
wkrolek,,
krtolek,,
dlarek,,
gząc,,
skąc,,
żłarek,,
dżdżolek,,
rdzarek,,
zgarek,,
chżczarek,,
fjarek,,
ssolek,,
jmąc,,
scarek,,
ftolek,,
drwarek,,
żłąc,,
skrolek,,
szkwarek,,
drgarek,,
wszarek,,
dźolek,,
schrąc,,
lżarek,,
tfąc,,
głolek,,
mkniolek,,
zmarek,,
kśąc,,
śniolek,,
mglolek,,
wzrąc,,
fśąc,,
śmąc,,
zgniolek,,
wstrąc,,
stżarek,,
czcarek,,
wpłąc,,
łżąc,,
prarek,,
wcząc,,
ccharek,,
lwąc,,
mjąc,,
sznolek,,
stwarek,,
mżolek,,
zzolek,,
rżąc,,
gnarek,,
fpolek,,
schnarek,,
łźąc,,
wmolek,,
płąc,,
chmąc,,
szczwąc,,
chrąc,,
znarek,,
dzwąc,,
dbarek,,
tłarek,,
tsmolek,,
słarek,,
ljąc,,
cźolek,,
zrąc,,
gdąc,,
parek,,
sfolek,,
dwąc,,
szmąc,,
chżcząc,,
ptarek,,
wstarek,,
skrarek,,
dnąc,,
tżcąc,,
djarek,,
lgnarek,,
jarek,,
zwrąc,,
wzarek,,
schniarek,,
zgolek,,
tszkąc,,
brolek,,
tszkarek,,
strolek,,
tszolek,,
żarek,,
płcolek,,
fjolek,,
zszolek,,
drżolek,,
rtąc,,
szwolek,,
siarek,,
schniolek,,
grolek,,
pjąc,,
dąc,,
tszarek,,
tżcolek,,
wśolek,,
lnarek,,
znolek,,
mląc,,
smarek,,
wbolek,,
gdźolek,,
głąc,,
wźarek,,
wdolek,,
lśniarek,,
twarek,,
chcąc,,
śrarek,,
żbąc,,
mniolek,,
zdźolek,,
ftsząc,,
drarek,,
wstżolek,,
źrolek,,
sfarek,,
spląc,,
karek,,
szpolek,,
ląc,,
szfarek,,
gżolek,,
cwarek,,
czarek,,
łząc,,
niarek,,
dżdżąc,,
śrolek,,
sztąc,,
bjolek,,
schnolek,,
lniarek,,
giarek,,
stśarek,,
zlolek,,
dzwolek,,
wpłarek,,
gżmąc,,
schniąc,,
dląc,,
szkwąc,,
wstąc,,
płcarek,,
mjolek,,
zszarek,,
cłolek,,
cmąc,,
pżarek,,
golek,,
sparek,,
szląc,,
knolek,,
dżąc,,
tsfolek,,
trąc,,
gwąc,,
wzrolek,,
mknolek,,
bżąc,,
tcharek,,
zząc,,
ślarek,,
wnolek,,
brwąc,,
tąc,,
ssząc,,
mnarek,,
rtarek,,
spżąc,,
gjjolek,,
śparek,,
zglarek,,
źdźbarek,,
wzwolek,,
żbarek,,
ksąc,,
czkarek,,
pśolek,,
schnąc,,
zgniąc,,
zblolek,,
wstżąc,,
tlarek,,
chżarek,,
zmąc,,
chżczolek,,
kniolek,,
gdarek,,
szcąc,,
wjarek,,
wzgolek,,
śniąc,,
wąc,,
zdrąc,,
sztolek,,
gdźąc,,
splarek,,
zgrąc,,
mrąc,,
śpolek,,
zdarek,,
rjolek,,
tsmarek,,
chżcąc,,
mszolek,,
ptolek,,
szprarek,,
bąc,,
siąc,,
znąc,,
pjarek,,
mrarek,,
kszarek,,
skżarek,,
ścarek,,
sśolek,,
wbarek,,
wbąc,,
tolek,,
łzolek,,
wtolek,,
sklarek,,
chżcolek,,
mlarek,,
wstolek,,
mlolek,,
cmarek,,
śfolek,,
tparek,,
cząc,,
kwarek,,
bżolek,,
kcarek,,
stśolek,,
żmarek,,
wźolek,,
spżolek,,
tpąc,,
mgłąc,,
chszarek,,
zwłolek,,
gniąc,,
jąc,,
błąc,,
wdźąc,,
pchlolek,,
szlolek,,
żnolek,,
źdźbląc,,
tmolek,,
gżmolek,,
dżarek,,
chjolek,,
zdrolek,,
psarek,,
dźwąc,,
mnolek,,
głarek,,
żwarek,,
gżbolek,,
pszczarek,,
ssąc,,
stżąc,,
źlarek,,
dzbąc,,
cźąc,,
lgniąc,,
młąc,,
wrarek,,
wwarek,,
snąc,,
gniolek,,
łżolek,,
żwolek,,
schąc,,
skłolek,,
czolek,,
mąc,,
dłąc,,
slolek,,
chłolek,,
flarek,,
zgniarek,,
wżolek,,
dżarek,,
fcharek,,
fparek,,
fkolek,,
kżąc,,
frolek,,
fsarek,,
śfąc,,
pniarek,,
tsztąc,,
czwarek,,
drżarek,,
szpąc,,
wźąc,,
strarek,,
knąc,,
fsąc,,
ktarek,,
psolek,,
wzgarek,,
rjąc,,
zrolek,,
wniolek,,
cmolek,,
twąc,,
szprąc,,
zbarek,,
tnarek,,
źrarek,,
scąc,,
cłarek,,
mjarek,,
chżtąc,,
gzolek,,
pżąc,,
drwolek,,
sśarek,,
lgniarek,,
zbąc,,
dnolek,,
dmolek,,
wskarek,,
zbrąc,,
śrąc,,
łąc,,
gżmarek,,
zdźarek,,
cłąc,,
chwarek,,
żniąc,,
rąc,,
szkłolek,,
wgarek,,
krtąc,,
wdąc,,
wzolek,,
wpąc,,
zbrolek,,
zwolek,,
zwarek,,
żmąc,,
tsnarek,,
klarek,,
ząc,,
wwąc,,
cnarek,,
kszolek,,
pszcząc,,
cwolek,,
źrąc,,
stsząc,,
wskąc,,
chłąc,,
wszolek,,
zbrarek,,
błolek,,
kcąc,,
prolek,,
szcząc,,
pśąc,,
marek,,
wstrarek,,
ksztarek,,
śwarek,,
stsąc,,
źolek,,
ftszolek,,
zgląc,,
sąc,,
wnarek,,
tszkolek,,
barek,,
źdźbłarek,,
grarek,,
jmarek,,
wspolek,,
gnąc,,
tsztolek,,
zjolek,,
lniąc,,
zbląc,,
mgiąc,,
tjolek,,
źąc,,
ftsolek,,
krtarek,,
chcolek,,
tjarek,,
żniarek,,
szlarek,,
bolek,,
źdźbłolek,,
ksztolek,,
śmolek,,
rżolek,,
chcarek,,
skżolek,,
pstrarek,,
tlolek,,
wzrarek,,
wząc,,
wstrolek,,
wniąc,,
chjarek,,
ftśarek,,
szłąc,,
kjjolek,,
skrąc,,
zdźąc,,
łbolek,,
cnolek,,
szłarek,,
lśniolek,,
nąc,,
kżolek,,
zgjolek,,
wrolek,,
krarek,,
słolek,,
blolek,,
tląc,,
dźąc,,
djąc,,
śwolek,,
stwolek,,
darek,,
chsząc,,
chąc,,
pnąc,,
kjjarek,,
krolek,,
cchąc,,
plarek,,
kfarek,,
ftśąc,,
wkrarek,,
dźwolek,,
dźarek,,
gniarek,,
śniarek,,
ksolek,,
mgląc,,
scharek,,
chszolek,,
gąc,,
zdąc,,
szrolek,,
skżąc,,
tśmarek,,
zmolek,,
gmąc,,
tkarek,,
mchąc,,
stżolek,,
zniarek,,
czcąc,,
śfarek,,
schląc,,
gżbarek,,
wdarek,,
kśolek,,
krwarek,,
lśniąc,,
larek,,
wnąc,,
dżąc,,
wżarek,,
wzwarek,,
wjąc,,
wzgąc,,
sztarek,,
kżarek,,
bźąc,,
żłolek,,
zglolek,,
psąc,,
zarek,,
człarek,,
schrarek,,
kjjąc,,
